"name";"energy";"protein";"fat";"sacharid";"cholesterol";"vlaknina";"unit";"amount";"idgroup"
"Výměnná jednotka";"null";"null";"null";"null";"null";"null";"g";"null";"null"
"Výměnná jednotka";"1700";"0";"0";"100";"0";"0";"u10";"100";"null";"SACCHARIDE"
"Zelenina, luštěniny, houby";"null";"null";"null";"null";"null";"null";"g";"null";"null"
"Zelenina - 100 g";"null";"null";"null";"null";"null";"null";"g";"null";"0"
"Artyčoky";"170";"2.4";"0.1";"2.6";"0";"10.8";"g";"100";"3"
"Brambory rané";"300";"1.7";"0.2";"16.6";"0";"1.3";"g";"100";"3"
"Brambory zimní";"330";"1.8";"0.3";"18.2";"0";"1.6";"g";"100";"3"
"Brokolice. kedlubna";"140";"4.4";"0.9";"2.9";"0";"2.8";"g";"100";"3"
"Brukev";"130";"2.1";"0.2";"5.8";"0";"2.2";"g";"100";"3"
"Celer-bulva";"210";"1.7";"0.3";"9.9";"0";"3.7";"g";"100";"3"
"Celer-řapíkatý";"140";"1.3";"0.2";"3.7";"0";"2.4";"g";"100";"3"
"Cibule";"200";"1.7";"0.3";"9.6";"0";"1.4";"g";"100";"3"
"Cibule-raná";"140";"2";"0.2";"5.8";"0";"1.3";"g";"100";"3"
"Cuketa";"80";"1.6";"0.4";"2.1";"0";"0.9";"g";"100";"3"
"Čekanka salátová";"90";"1.5";"0.1";"4";"0";"1.4";"g";"100";"3"
"Černý kořen";"260";"1.4";"0.4";"13.3";"0";"5.3";"g";"100";"3"
"Červená řepa";"200";"1.8";"0.1";"10.6";"0";"2.3";"g";"100";"3"
"Česnek";"450";"6.6";"0.2";"26.9";"0";"0.9";"g";"100";"3"
"Fazolky";"160";"2.3";"0.3";"7.1";"0";"3";"g";"100";"3"
"Fenykl";"110";"2.4";"0.3";"6.1";"0";"3.3";"g";"100";"3"
"Hrášek";"320";"6.5";"0.5";"13.3";"0";"5.2";"g";"100";"3"
"Chřest";"90";"2.2";"0.2";"3.5";"0";"1.8";"g";"100";"3"
"Kapusta hlávková";"180";"3.1";"0.5";"6.7";"0";"3.1";"g";"100";"3"
"Kapusta kadeřavá";"140";"4.3";"0.9";"2.1";"0";"3.3";"g";"100";"3"
"Kapusta růžičková";"210";"5.2";"0.6";"7.6";"0";"1.6";"g";"100";"3"
"Kopr";"160";"2.4";"0.2";"7.8";"0";"1.6";"g";"100";"3"
"Křen";"440";"3.9";"0.5";"22.4";"0";"6.2";"g";"100";"3"
"Kukuřice cukrová";"440";"3.5";"2.2";"18.8";"0";"0.5";"g";"100";"3"
"Květák";"120";"2.4";"0.3";"4.4";"0";"1.8";"g";"100";"3"
"Lilek";"160";"1.3";"0.3";"8.2";"0";"2.3";"g";"100";"3"
"Mangold listy";"60";"2.1";"0.3";"2.8";"0";"2";"g";"100";"3"
"Meloun červený";"110";"0.6";"0.2";"5";"0";"0.3";"g";"100";"3"
"Meloun žlutý";"120";"0.5";"0.1";"6.5";"0";"0.9";"g";"100";"3"
"Mrkev";"190";"1.4";"0.3";"9.7";"0";"3";"g";"100";"3"
"Okurka nakládačka";"50";"1";"0.2";"1.8";"0";"1";"g";"100";"3"
"Okurka salátová";"70";"0.7";"0.2";"2.6";"0";"0.9";"g";"100";"3"
"Paprika červená";"120";"1.2";"0.5";"5.2";"0";"1.6";"g";"100";"3"
"Paprika zelená";"70";"0.8";"0.3";"2.6";"0";"1.9";"g";"100";"3"
"Patizony";"210";"2.3";"0.3";"10.2";"0";"null";"g";"100";"3"
"Pažitka";"210";"3.3";"0.7";"8.1";"0";"2";"g";"100";"3"
"Pekingské zelí";"50";"1.1";"0.3";"1";"0";"1.6";"g";"100";"3"
"Petržel kořen";"260";"2.9";"0.6";"12.2";"0";"1.8";"g";"100";"3"
"Petržel nať";"240";"3.7";"1";"9";"0";"5";"g";"100";"3"
"Polníček";"70";"1.8";"0.4";"1.4";"0";"1.5";"g";"100";"3"
"Pór";"190";"2.5";"0.3";"8.6";"0";"1.5";"g";"100";"3"
"Rajčata";"100";"1.1";"0.3";"4.6";"0";"1.5";"g";"100";"3"
"Reveň";"80";"1.3";"0.1";"3.6";"0";"1.4";"g";"100";"3"
"Ředkev";"90";"1.5";"0.1";"5";"0";"1.1";"g";"100";"3"
"Ředkvičky";"80";"1.1";"0.1";"3.7";"0";"1";"g";"100";"3"
"Řeřicha zahradní";"60";"1.6";"0.6";"0.4";"0";"3.3";"g";"100";"3"
"Salát hlávkový";"80";"1.5";"0.3";"2.7";"0";"0.9";"g";"100";"3"
"Salát ledový";"50";"0.7";"0.3";"1.9";"0";"1.2";"g";"100";"3"
"Salát římský";"70";"1";"0.6";"1.7";"0";"1.2";"g";"100";"3"
"Sójové výhonky";"210";"5.5";"1";"4.7";"0";"2.6";"g";"100";"3"
"Špenát";"140";"3.4";"0.6";"4.1";"0";"2.1";"g";"100";"3"
"Topinambury";"330";"1.9";"0.2";"17";"0";"3.5";"g";"100";"3"
"Tykev velkoplodá";"170";"0.8";"0.1";"9";"0";"2.3";"g";"100";"3"
"Výhonky vojtěšky (alfalfa)";"100";"4";"0.7";"0.4";"0";"1.6";"g";"100";"3"
"Zelí bílé hlávkové";"120";"1.5";"0.2";"4.5";"0";"2.7";"g";"100";"3"
"Zelí červené hlávkové";"130";"1.6";"0.3";"6.1";"0";"3.1";"g";"100";"3"
"Luštěniny - 100 g";"null";"null";"null";"null";"null";"null";"g";"null";"0"
"Čočka";"1440";"26.9";"1.2";"59.2";"0";"10.6";"g";"100";"4"
"Fazole";"1400";"23.5";"1.6";"59.8";"0";"17";"g";"100";"4"
"Hrách";"1420";"23.7";"1.4";"61.5";"0";"16.6";"g";"100";"4"
"Sója";"1860";"43.8";"23";"16.3";"0";"21";"g";"100";"4"
"Konzervovaná zelenina a luštěniny - 100 g";"null";"null";"null";"null";"null";"null";"g";"null";"0"
"Bílé fazole v rajské omáčce";"370";"5.3";"0.8";"14.4";"0";"null";"g";"100";"5"
"Celer s olejem";"380";"1.1";"5.1";"10.4";"0";"null";"g";"100";"5"
"Červená řepa";"140";"0.9";"0.3";"7.8";"0";"null";"g";"100";"5"
"Fazolové lusky";"100";"1.1";"0.9";"5.3";"0";"null";"g";"100";"5"
"Hongkong salát (Bonduelle)";"250";"1.3";"3.3";"7.1";"0";"null";"g";"100";"5"
"Hrášek zelený";"270";"4.8";"0.3";"11";"0";"null";"g";"100";"5"
"Chilli česnek (Horlein)";"1830";"3.6";"40";"17";"0";"null";"g";"100";"5"
"Kukuřice (Bonduelle)";"500";"3";"1.5";"22.9";"0";"null";"g";"100";"5"
"Makedon.směs (Bonduelle)";"140";"1.8";"0.3";"6";"0";"null";"g";"100";"5"
"Mrkvový salát";"140";"0.8";"0.1";"7.4";"0";"null";"g";"100";"5"
"Okurky";"120";"1";"0.1";"7";"0";"0.5";"g";"100";"5"
"Rajčatová šťáva";"80";"0.8";"0.1";"4";"0";"0.6";"g";"100";"5"
"Rajský protlak";"430";"2.4";"0.5";"23.3";"0";"0.9";"g";"100";"5"
"Sójové klíčky (Bonduelle)";"60";"1.5";"0.1";"1.75";"0";"1.6";"g";"100";"5"
"Zelí bílé kysané";"80";"0.7";"0.2";"3.9";"0";"1.4";"g";"100";"5"
"Zelí červené sterilované";"270";"1.6";"0.2";"14.9";"0";"null";"g";"100";"5"
"Mražená zelenina - 100 g";"null";"null";"null";"null";"null";"null";"g";"null";"0"
"Baby karotka";"90";"0.5";"0.2";"4.2";"0";"null";"g";"100";"6"
"Brokolice";"100";"2.9";"0.8";"1.2";"0";"null";"g";"100";"6"
"Lahůdková kukuřice";"450";"3.9";"1.2";"19.8";"0";"null";"g";"100";"6"
"Špenát Bonduelle";"110";"2.6";"0.6";"2.5";"0";"null";"g";"100";"6"
"Zeleninová směs - průměr";"200";"2.3";"0.5";"8.2";"0";"null";"g";"100";"6"
"Houby- 100 g";"null";"null";"null";"null";"null";"null";"g";"null";"0"
"Houby čerstvé - průměr";"110";"2.6";"0.4";"3.8";"0";"6";"g";"100";"7"
"Houby sušené - průměr";"1410";"37";"2.7";"41.1";"0";"46";"g";"100";"7"
"Hřiby";"80";"5.1";"0.3";"5.2";"0";"6";"g";"100";"7"
"Žampiony";"70";"3.3";"0.6";"4.8";"0";"2";"g";"100";"7"
"Ovoce. ořechy. ovocné výrobky";"null";"null";"null";"null";"null";"null";"g";"null";"null"
"Ovoce";"null";"null";"null";"null";"null";"null";"g";"null";"0"
"Ananas";"180";"0.4";"0.2";"10.1";"0";"1.3";"g";"100";"101"
"Angrešt";"210";"0.9";"0.5";"10.6";"0";"2.8";"g";"100";"101"
"Avokádo";"930";"1.9";"23.5";"0.4";"0";"6.3";"g";"100";"101"
"Banány";"400";"0.3";"0.3";"23";"0";"3.1";"g";"100";"101"
"Borůvky";"280";"0.8";"0.7";"14.7";"0";"2.2";"g";"100";"101"
"Broskve";"220";"0.8";"0.2";"12.5";"0";"1.4";"g";"100";"101"
"Brusinky";"260";"0.4";"0.8";"13.7";"0";"1.5";"g";"100";"101"
"Citrony";"200";"0.7";"0.5";"10.5";"0";"1.8";"g";"100";"101"
"Datle";"530";"1.5";"0.1";"31.3";"0";"3.6";"g";"100";"101"
"Fíky";"190";"1.3";"0.3";"9.5";"0";"2.3";"g";"100";"101"
"Granátová jablka";"250";"1.3";"0.2";"11.8";"0";"2.8";"g";"100";"101"
"Grapefruity";"170";"0.5";"0.3";"9.6";"0";"1.6";"g";"100";"101"
"Hrozny";"290";"0.7";"0.5";"18.2";"0";"1.5";"g";"100";"101"
"Hrušky";"280";"0.5";"0.4";"15.8";"0";"2.4";"g";"100";"101"
"Jablka";"260";"0.4";"0.4";"14.4";"0";"1.8";"g";"100";"101"
"Jahody";"180";"0.9";"0.6";"8.8";"0";"1.3";"g";"100";"101"
"Jeřabiny";"330";"1";"0.3";"22.6";"0";"2.9";"g";"100";"101"
"Kdoule";"160";"0.4";"0.4";"12.4";"0";"1.6";"g";"100";"101"
"Kiwi";"210";"1";"0.5";"9.1";"0";"1.1";"g";"100";"101"
"Klementinky";"160";"0.9";"0.1";"8.7";"0";"null";"g";"100";"101"
"Klikve";"160";"0.4";"0.7";"9.7";"0";"1.6";"g";"100";"101"
"Maliny";"230";"1";"0.8";"11.6";"0";"5.2";"g";"100";"101"
"Mandarinky";"200";"0.9";"0.3";"10.6";"0";"1.5";"g";"100";"101"
"Mango";"290";"0.6";"0.3";"16";"0";"1.7";"g";"100";"101"
"Meruňky";"240";"1";"0.3";"13.4";"0";"1";"g";"100";"101"
"Mirabelky";"220";"0.7";"0.2";"12.8";"0";"1";"g";"100";"101"
"Moruše";"150";"1.3";"0";"8.1";"0";"1.5";"g";"100";"101"
"Nektarinky";"150";"1.2";"0.1";"8";"0";"2.2";"g";"100";"101"
"Olivy černé naložené (řecké)";"1450";"2.2";"35.8";"4.9";"0";"null";"g";"100";"101"
"Olivy zelené naložené";"570";"1.4";"14";"1.8";"0";"2.4";"g";"100";"101"
"Ostružiny";"200";"1.2";"0.8";"12";"0";"4";"g";"100";"101"
"Papája";"590";"0.5";"0.1";"9";"0";"1.8";"g";"100";"101"
"Pomeranče";"200";"0.9";"0.3";"11.7";"0";"1.8";"g";"100";"101"
"Rakytník";"210";"1.2";"3.9";"5";"0";"2";"g";"100";"101"
"Renklody";"260";"0.8";"0.1";"9.7";"0";"2.3";"g";"100";"101"
"Rybíz bílý";"110";"1.3";"0.3";"5.6";"0";"4";"g";"100";"101"
"Rybíz černý";"190";"1.3";"0.3";"16.4";"0";"5";"g";"100";"101"
"Rybíz červený";"160";"1.1";"0.3";"13.8";"0";"5.6";"g";"100";"101"
"Slívy";"170";"0.5";"0";"9.6";"0";"1.8";"g";"100";"101"
"Švestky";"280";"0.8";"0.3";"16.2";"0";"1.5";"g";"100";"101"
"Třešně";"270";"0.9";"0.5";"14.7";"0";"0.5";"g";"100";"101"
"Višně";"210";"0.8";"0.4";"12.6";"0";"0.7";"g";"100";"101"
"Sušené ovoce - 100 g";"null";"null";"null";"null";"null";"null";"g";"null";"0"
"Datle";"1150";"2.3";"0.2";"78";"0";"9";"g";"100";"9"
"Fíky";"970";"4";"1.6";"68.4";"0";"12.9";"g";"100";"9"
"Hrozinky";"960";"2.3";"0.5";"71.2";"0";"5.4";"g";"100";"9"
"Banány";"1360";"4.4";"0.8";"75";"0";"12";"g";"100";"9"
"Jablka";"1070";"1.4";"1.6";"57";"0";"10";"g";"100";"9"
"Meruňky";"1000";"5";"0.5";"48";"0";"8.6";"g";"100";"9"
"Švestky";"1020";"2.8";"0.7";"74.6";"0";"5";"g";"100";"9"
"Ořechy - 100 g";"null";"null";"null";"null";"null";"null";"g";"null";"0"
"Arašídy";"2510";"26.9";"44.2";"23.6";"0";"6.2";"g";"100";"10"
"Kaštany";"900";"4.9";"3.3";"41.1";"0";"4";"g";"100";"10"
"Kešu";"2530";"16";"46";"27";"0";"3.2";"g";"100";"10"
"Kokos";"1530";"4";"36";"11";"0";"7.3";"g";"100";"10"
"Kokos strouhaný";"2540";"7.8";"68.8";"17.5";"0";"null";"g";"100";"10"
"Lískové";"2870";"13.8";"65";"10.9";"0";"3.5";"g";"100";"10"
"Makadamia";"2960";"9";"75";"9.3";"0";"5.3";"g";"100";"10"
"Mák";"2180";"18.7";"39";"23";"0";"20";"g";"100";"10"
"Mandle";"2590";"17.5";"52.4";"19";"0";"6";"g";"100";"10"
"Para";"2870";"15.3";"68.3";"7.8";"0";"5.3";"g";"100";"10"
"Pekan";"2870";"10";"71";"14";"0";"4.7";"g";"100";"10"
"Piniové";"2840";"14";"68.6";"4";"0";"1.9";"g";"100";"10"
"Pistácie";"2660";"20.4";"54.7";"17.1";"0";"6.1";"g";"100";"10"
"Slunečnicová semínka";"2500";"26.5";"49";"12";"0";"6.3";"g";"100";"10"
"Vlašské";"2820";"18.4";"60";"14.6";"0";"2.7";"g";"100";"10"
"Kompoty. džemy a jiné";"null";"null";"null";"null";"null";"null";"g";"null";"null"
"Kompot - průměr";"320";"0.4";"0.1";"20";"0";"1";"g";"100";"11"
"Kompot bez cukru - light - průměr";"150";"0.4";"0.4";"7";"0";"1";"g";"100";"11"
"Džem - průměr";"1000";"0.5";"0.3";"58";"0";"0.5";"g";"100";"11"
"Džem Andros light";"640";"0.3";"0.2";"36";"0";"1.2";"g";"100";"11"
"Džem Materne light";"730";"0.3";"0.2";"41";"0";"1";"g";"100";"11"
"Džem diet Schwartau";"770";"0.4";"0.2";"44";"0";"1";"g";"100";"11"
"Džem pro diabetiky Hamé";"470";"0.4";"0.4";"26";"0";"1.5";"g";"100";"11"
"Kandované ovoce směs";"1120";"3.5";"0.2";"68";"0";"6";"g";"100";"11"
"Ovocná přesnídávka s meruňkami neslazená";"190";"0.4";"0.1";"10.3";"0";"null";"g";"100";"11"
"Přesnídávka jablečná";"360";"0.3";"0.1";"21.8";"0";"null";"g";"100";"11"
"Švestková povidla";"980";"1.4";"0.4";"59.3";"0";"1";"g";"100";"11"
"Mléko. mléčné výrobky";"null";"null";"null";"null";"null";"null";"g";"null";"null"
"Mléko - 100g/ml";"null";"null";"null";"null";"null";"null";"g";"null";"0"
"Mléko plnotučné - 100 ml";"260";"3";"3.3";"4.6";"14";"0";"ml";"100";"13"
"Mléko polotučné - 100 ml";"190";"3.2";"1.5";"4.7";"9";"0";"ml";"100";"13"
"Mléko nízkotučné - 100 ml";"160";"3";"0.5";"4.4";"3";"0";"ml";"100";"13"
"Mléko odstředěné - 100 ml";"140";"3.4";"0.1";"4.9";"1";"0";"ml";"100";"13"
"Mléko Tatra grand 9% tuku - 100 ml";"660";"8";"9";"11.4";"40";"0";"ml";"100";"13"
"Mléko Tatra light 4 % tuku - 100 ml";"430";"6.7";"4";"9.6";"19";"0";"ml";"100";"13"
"Smetana ke šlehání light (Kapucín) - 100 ml";"870";"2.9";"20";"3.9";"50";"0";"ml";"100";"13"
"Smetana ke šlehání 33 % tuku - 100 ml";"1260";"2.1";"32.8";"3.2";"105";"0";"ml";"100";"13"
"Stabilka inst.krém ke šlehání. hotový krém-100 g";"490";"0.8";"8.3";"9.9";"0";"0";"g";"100";"13"
"Suš. mléko plnotučné-100 g";"2100";"26.8";"27";"39";"99";"0";"g";"100";"13"
"Suš. mléko odtuč. -100 g";"1520";"35.5";"1";"51.5";"31";"0";"g";"100";"13"
"Jogurty bílé - 100 g";"null";"null";"null";"null";"null";"null";"g";"null";"0"
"Activia bílá (Danone)";"300";"4.2";"3.5";"5.9";"14";"0";"g";"100";"14"
"Activia bílá 0 % tuku. Vitalinea bílá";"190";"4.6";"0.1";"6.2";"1";"0";"g";"100";"14"
"Bílý se sníženým obsahem tuku (Kapucín)";"280";"3";"1";"4";"3";"0";"g";"100";"14"
"Jihočeský jogurt bílý - sklo (Madeta)";"360";"5.9";"3.6";"5.1";"9";"0";"g";"100";"14"
"Twiggy bílý (Bohemilk)";"250";"5.2";"1";"5.3";"30";"0";"g";"100";"14"
"Jogurty ovocné - 100 g";"null";"null";"null";"null";"null";"null";"g";"null";"0"
"Activia s vlákninou (Danone)";"450";"3.5";"3.1";"16";"13";"null";"g";"100";"15"
"Cremi gourmand (Yoplait)";"470";"2.5";"5.3";"13.7";"30";"null";"g";"100";"15"
"Diavita-jahodový (Madeta)";"280";"4";"2.4";"7.3";"8";"null";"g";"100";"15"
"Fantasia s ovocem (Danone)";"440";"3.8";"3.1";"15.2";"13";"null";"g";"100";"15"
"Jogobella jahodová (Zott)";"410";"3.5";"2.7";"14.9";"12";"null";"g";"100";"15"
"Jogobella light ananas (Zott)";"250";"4.1";"1.1";"8.4";"3";"null";"g";"100";"15"
"Jogurt 0.1 % zahradní směs s müsli (Kunín)";"200";"4.3";"0.1";"6.8";"1";"null";"g";"100";"15"
"Lehký košík müsli (Yoplait)";"200";"4.3";"0.1";"6.4";"1";"null";"g";"100";"15"
"Meruňky s cereáliemi (Hollandia)";"380";"2.7";"3";"10.7";"13";"null";"g";"100";"15"
"Ovocela malina (Danone)";"420";"3.4";"2.8";"14.8";"10";"null";"g";"100";"15"
"ProBio vanilkový (Rajo)";"430";"3.5";"2.7";"16.5";"9";"null";"g";"100";"15"
"Silueta broskev. maracuja (Olma)";"210";"4.1";"0.1";"8.1";"1";"null";"g";"100";"15"
"Vitalinea s kousky višní (Danone)";"240";"4.4";"0.1";"10.8";"1";"null";"g";"100";"15"
"Kysané mléčné nápoje - 100 g/ml";"null";"null";"null";"null";"null";"null";"g";"null";"0"
"Acidofilní mléko 3 % tuku - 100 ml";"250";"3.3";"3.5";"4";"14";"0";"ml";"100";"16"
"Actimel (Danone) - 100 ml";"370";"3";"1.7";"15.1";"9";"0";"ml";"100";"16"
"Actimel 0% tuku (Danone) - 100 ml";"150";"2.9";"0.1";"5.1";"1";"0";"ml";"100";"16"
"Jemný jogurtový nápoj (Danone) - 100 g";"370";"2.9";"2.1";"14.3";"9";"0";"g";"100";"16"
"Jihočeské kefírové mléko (Madeta) - 100 ml";"180";"3.2";"1.8";"3.7";"4";"0";"ml";"100";"16"
"Vitalinea nápoj (Danone) - 100 g";"150";"3.3";"0.1";"5.5";"1";"0";"g";"100";"16"
"Další mléčné výrobky - 100 g";"null";"null";"null";"null";"null";"null";"g";"null";"0"
"Danette čokoládový ";"610";"3.3";"7";"17.5";"30";"0";"g";"100";"17"
"Danissimo vanilkové (Danone)";"560";"4.9";"5.7";"15.7";"30";"0";"g";"100";"17"
"Kysaná smetana 6+4 (Polabské mlékárny)";"720";"3.2";"16";"4";"18";"0";"g";"100";"17"
"Milch reis čoko (Müller)";"470";"3.2";"2.6";"19";"null";"null";"g";"100";"17"
"Monte (Zott)";"820";"2.9";"13.5";"15.9";"42";"0";"g";"100";"17"
"Pudink čokoládový (Dr. Oetker)";"680";"3.1";"9";"17.1";"35";"0";"g";"100";"17"
"Tvaroh bez tuku";"290";"18.8";"0.8";"4.4";"5";"0";"g";"100";"17"
"Tvaroh jemný";"460";"17.5";"2.5";"4.2";"9";"0";"g";"100";"17"
"Tvaroh tučný";"770";"12.3";"13.5";"3.3";"13";"0";"g";"100";"17"
"Tvaroh tvrdý";"540";"28.6";"0.9";"1.5";"11";"0";"g";"100";"17"
"Tvaroh-jogurt.dezert Diavita višeň (Madeta)";"230";"7";"0.1";"5.4";"1";"null";"g";"100";"17"
"Vitalinea čokoládový dezert";"350";"3.5";"0.5";"15.8";"null";"0";"g";"100";"17"
"Zakysaná smetana";"690";"2.6";"15";"4.5";"30";"0";"g";"100";"17"
"Zakysaná smetana light";"530";"2.9";"11";"4.2";"37";"0";"g";"100";"17"
"Rostlinná mléka ";"null";"null";"null";"null";"null";"null";"g";"null";"0"
"Sušené mléko ovesné - 100 g";"2050";"5";"25";"61";"0";"20";"g";"100";"18"
"Šlehačka spray dietní (Dutch lady) - 100 g";"830";"3.5";"20";"4.9";"null";"0";"g";"100";"18"
"Šlehačka spray neslazená (Dutch lady) - 100 g";"1390";"2.3";"35";"3.5";"null";"0";"g";"100";"18"
"Ovesné mléko hotové (ASP) - 100 ml";"200";"0.5";"2.5";"6.1";"0";"2";"ml";"100";"18"
"Cereální nápoj Breakfast drink (Bona Vita) - 1 porce";"1100";"7";"8";"45";"0";"null";"ks";"100";"18"
"Sójové mléko s kalciem (Provamel) - 100 ml";"190";"3.6";"2.1";"2.9";"0";"0";"ml";"100";"18"
"Sójové mléko hotové (ASP) - 100 ml";"200";"0.2";"2.6";"5.9";"0";"0";"ml";"100";"18"
"Sýry. vejce";"null";"null";"null";"null";"null";"null";"g";"null";"null"
"Sýry plísňové a zrající - 100 g";"null";"null";"null";"null";"null";"null";"g";"null";"0"
"Brie Reverend - 60% t.v suš";"1490";"19";"31.5";"0";"68";"0";"g";"100";"20"
"Camembert - 30% t. v suš.";"900";"23.5";"13.5";"0";"38";"0";"g";"100";"20"
"Camembert - 60% t. v suš.";"1560";"17.9";"34";"0";"90";"0";"g";"100";"20"
"Hermelín - 45% t. v suš. ";"1490";"20.1";"21.8";"1.4";"46";"0";"g";"100";"20"
"Niva - 50% t. v suš. ";"1550";"20.7";"27";"1.4";"105";"0";"g";"100";"20"
"Olom. tvarůž. - 34% t.v suš.";"560";"29.7";"0.8";"2";"5";"0";"g";"100";"20"
"Romadur - 20% t. v suš. ";"740";"23.6";"8.3";"2.5";"30";"0";"g";"100";"20"
"Romadur - 40% t. v suš. ";"1000";"18";"17";"2";"60";"0";"g";"100";"20"
"Roquefort - 50% t.v suš. ";"1580";"21.5";"30.6";"0";"75";"0";"g";"100";"20"
"Sedlčanský vltavín (Povltavské mlékárny) 55 % t. v suš. ";"1470";"20";"31";"2";"75";"0";"g";"100";"20"
"Stříbrňák - 30% t. v suš. ";"850";"25";"11.5";"0";"35";"0";"g";"100";"20"
"Sýry tvrdé - 100 g";"null";"null";"null";"null";"null";"null";"g";"null";"0"
"Blaťácké zlato-50% t. v suš";"970";"25";"14";"2.4";"35";"0";"g";"100";"21"
"Čedar - 50% t. v suš. ";"1670";"25.3";"30";"2.9";"88";"0";"g";"100";"21"
"Eidam - 20% t. v suš. ";"900";"30";"10";"3";"33";"0";"g";"100";"21"
"Eidam - 30% t. v suš. ";"1100";"30.3";"14";"1.4";"35";"0";"g";"100";"21"
"Eidam - 45% t. v suš. ";"1460";"26";"26.1";"1";"55";"0";"g";"100";"21"
"Ementál - 45% t. v suš. ";"1620";"28.2";"28.4";"2.3";"60";"0";"g";"100";"21"
"Gouda - 30% t. v suš. ";"1030";"26";"14";"1";"35";"0";"g";"100";"21"
"Gouda - 40% t. v suš. ";"1240";"24.5";"23";"0";"52";"0";"g";"100";"21"
"Madeland - 30% t. v suš. ";"1100";"27";"16";"1";"37";"0";"g";"100";"21"
"Madeland - 45% t. v suš. ";"1400";"27";"25";"1";"65";"0";"g";"100";"21"
"Morav. bochník - 45 % t. v suš. ";"1430";"24.8";"28";"2";"85";"0";"g";"100";"21"
"Oštiepok - 50% t.v suš. ";"1530";"21.4";"29.7";"3.3";"88";"0";"g";"100";"21"
"Parmezán - 25% t. v suš. ";"1560";"35.6";"25.8";"0";"68";"0";"g";"100";"21"
"Tylžský - 20% t. v suš. ";"950";"28";"12";"1";"35";"0";"g";"100";"21"
"Sýry přírodní. čerstvé - 100 g";"null";"null";"null";"null";"null";"null";"g";"null";"0"
"Balkán - 30% t. v suš. ";"980";"11.8";"20";"1";"46";"0";"g";"100";"22"
"Brynza - 50% t. v suš. ";"1280";"19.9";"25";"1.6";"54";"0";"g";"100";"22"
"Cottage (Madeta) 20% t. v suš. ";"460";"13";"5";"4";"17";"0";"g";"100";"22"
"Gervais (Danone)";"940";"7";"20";"5";"46";"0";"g";"100";"22"
"Lučina - 70% t. v suš. ";"1220";"11";"27";"1";"60";"0";"g";"100";"22"
"Lučina linie - 40% t. v suš.";"630";"12.1";"10";"2.8";"33";"0";"g";"100";"22"
"Lučina se salámem Herkules - 70% t. v suš. ";"1250";"9.5";"28";"2.5";"null";"0";"g";"100";"22"
"Mascarpone";"1890";"4.5";"4705";"3.5";"140";"0";"g";"100";"22"
"Mozzar.(Italat) - 45% t. v suš. ";"1010";"14.6";"20";"1.1";"46";"0";"g";"100";"22"
"Ricotta";"850";"15";"15";"1";"57";"0";"g";"100";"22"
"Sýry tavené - 100 g";"null";"null";"null";"null";"null";"null";"g";"null";"0"
"Apetito - 58% t. v suš.";"1540";"11";"33.5";"2.3";"70";"0";"g";"100";"23"
"Apetito - 26% t. v suš. ";"600";"18.6";"6.4";"2.4";"20";"0";"g";"100";"23"
"Buko natural - 70% t. v suš. ";"1180";"8";"27";"2.5";"60";"0";"g";"100";"23"
"Krémový sýr nízkot. v tubě Salix - 20% t. v suš. ";"440";"10.4";"6";"2.6";"15";"0";"g";"100";"23"
"Leerdammer tavený sýr - 45% t. v suš. ";"1020";"18.1";"18.8";"0";"45";"0";"g";"100";"23"
"Maratonec - 63% t. v suš. ";"1330";"11.1";"29.5";"2.6";"75";"0";"g";"100";"23"
"Sýr krevetový v tubě (Kavli) - 38% t. v suš. ";"850";"14";"16";"0";"5";"0";"g";"100";"23"
"Sýr nízkotučný (Kavli) - 24% t. v suš. ";"570";"15";"7";"0";"2";"0";"g";"100";"23"
"Sýr se salámem v tubě (Kavli)- 45% t. v suš. ";"920";"15";"18";"0";"null";"0";"g";"100";"23"
"Sýr šunkový v tubě (Kavli) - 41% t. v suš.";"870";"13";"17";"0";"null";"0";"g";"100";"23"
"Tartare s česnekem a bylinkami (Povlt. Mlékárny) - 48% t. v suš. ";"1450";"9.5";"25";"1.5";"54";"0";"g";"100";"23"
"Tavený sýr kapiový s česnekem (Želetava) - 40% t. v suš. ";"890";"14.5";"16.5";"2";"37";"0";"g";"100";"23"
"Tomík pomazánkový sýr - 50% t. v suš. ";"1350";"13.5";"29";"3.9";"60";"0";"g";"100";"23"
"Veselá kráva - 50% t. v suš. ";"1220";"10";"26";"5";"60";"0";"g";"100";"23"
"Veselá kráva Kiri  - 70% t. v suš. ";"1370";"9";"32";"2";"70";"0";"g";"100";"23"
"Veselá kráva štíhlá - 28% t. v suš. ";"730";"15";"10.5";"5";"35";"0";"g";"100";"23"
"Vital tavený sýr s kořenovou zeleninou - 26% t. v suš. ";"680";"25";"6";"1";"20";"0";"g";"100";"23"
"Želetavský nízkotučný sýr FIT - 29% t. v suš. ";"580";"16.5";"7";"1";"20";"0";"g";"100";"23"
"Rostlinné alternativy sýra - 100 g";"null";"null";"null";"null";"null";"null";"g";"null";"0"
"Tofu narutal (Sunfood)";"470";"15.5";"2.4";"6.9";"0";"null";"g";"100";"24"
"Tofu uzené (Sunfood)";"600";"16.6";"3.5";"10.9";"0";"null";"g";"100";"24"
"Vejce slepičí";"null";"null";"null";"null";"null";"null";"g";"null";"0"
"1 vejce celé (60g)";"340";"7.6";"6.6";"0.8";"290";"0";"ks";"60";"25"
"Bílek - 1 kus";"70";"3";"0.2";"0.5";"0";"0";"ks";"37.5";"25"
"Žloutek - 1 kus";"270";"4.6";"6.4";"0.3";"290";"0";"ks";"22.5";"25"
"Vajahit (v množ. 1 vejce)";"160";"1";"0.8";"6.8";"1";"0";"g";"100";"25"
"Maso. ryby. uzeniny";"null";"null";"null";"null";"null";"null";"g";"null";"null"
"Maso - 100 g";"null";"null";"null";"null";"null";"null";"g";"null";"0"
"Hovězí kližka";"640";"20";"8.1";"0";"65";"0";"g";"100";"27"
"Hovězí maso přední";"960";"18";"17.5";"0";"60";"0";"g";"100";"27"
"Hovězí maso zadní";"760";"19.2";"11.7";"0";"67";"0";"g";"100";"27"
"Hovězí svíčková";"620";"20";"7.4";"0";"63";"0";"g";"100";"27"
"Jehněčí - průměr";"1140";"20.4";"22.6";"0.1";"77";"0";"g";"100";"27"
"Koňské - průměr";"610";"20.6";"6.7";"0.6";"null";"0";"g";"100";"27"
"Kozí - průměr";"600";"19.9";"7.1";"0.1";"70";"0";"g";"100";"27"
"Králičí - průměr";"680";"19.7";"9.2";"0.3";"65";"0";"g";"100";"27"
"Mleté maso na sekanou";"1390";"16.1";"29.7";"0";"65";"0";"g";"100";"27"
"Skopové - průměr";"1010";"17.1";"19";"0";"72";"0";"g";"100";"27"
"Špek";"3330";"2.9";"89";"0";"85";"0";"g";"100";"27"
"Telecí bok";"930";"25.4";"13.2";"0";"63";"0";"g";"100";"27"
"Telecí hrudí";"900";"18.2";"15.6";"0";"65";"0";"g";"100";"27"
"Telecí kýta na řízky";"580";"20.8";"6.1";"0";"65";"0";"g";"100";"27"
"Uzená krkovice";"1830";"17.3";"40";"0";"100";"0";"g";"100";"27"
"Uzený bok";"2470";"10.3";"61";"0";"100";"0";"g";"100";"27"
"Vepřová krkovice";"1200";"15.4";"25";"0";"67";"0";"g";"100";"27"
"Vepřová kýta na řízky";"850";"18.2";"14.2";"0";"60";"0";"g";"100";"27"
"Vepřové libové";"1000";"18.2";"18.2";"0";"64";"0";"g";"100";"27"
"Vepřové prorostlé";"1440";"14.3";"31.7";"0";"70";"0";"g";"100";"27"
"Vepřové tučné";"1990";"11.9";"47";"0";"76";"0";"g";"100";"27"
"Zvěřina - 100 g";"null";"null";"null";"null";"null";"null";"g";"null";"0"
"Bažant";"480";"22.6";"2.5";"0.4";"80";"0";"g";"100";"28"
"Klokan";"430";"20";"2";"0";"null";"0";"g";"100";"28"
"Koroptev";"460";"24.4";"1.2";"0.3";"null";"0";"g";"100";"28"
"Srnčí hřbet";"520";"22.6";"3.6";"0.4";"85";"0";"g";"100";"28"
"Srnčí kýta";"430";"22.1";"1.5";"0.4";"70";"0";"g";"100";"28"
"Drůběž - 100 g";"null";"null";"null";"null";"null";"null";"g";"null";"0"
"Husa - průměr";"1470";"14.5";"32.5";"0.2";"65";"0";"g";"100";"29"
"Husí prsa";"580";"15.4";"8.4";"0.2";"60";"0";"g";"100";"29"
"Kachna - průměr";"1610";"12.4";"37.2";"0.2";"75";"0";"g";"100";"29"
"Krůta - průměr";"550";"21.9";"4.7";"0.2";"82";"0";"g";"100";"29"
"Krůtí prsa";"450";"24.1";"1";"0";"60";"0";"g";"100";"29"
"Kuře - průměr";"520";"21.6";"4";"0.4";"75";"0";"g";"100";"29"
"Kuřecí prsa";"430";"23.3";"0.9";"0.4";"70";"0";"g";"100";"29"
"Slepice - průměr";"520";"22.4";"3.6";"0.2";"65";"0";"g";"100";"29"
"Vnitřnosti - 100 g";"null";"null";"null";"null";"null";"null";"g";"null";"0"
"Dršťky";"390";"19";"2";"0";"95";"0";"g";"100";"30"
"Játra drůbeží";"570";"22.9";"4.5";"1.2";"200";"0";"g";"100";"30"
"Játra hovězí";"540";"19";"3.9";"4.5";"270";"0";"g";"100";"30"
"Játra vepřová";"550";"20.6";"4.8";"1.5";"300";"0";"g";"100";"30"
"Jazyk hovězí";"790";"16";"13.7";"0.1";"140";"0";"g";"100";"30"
"Ledvinky hovězí. vepřové";"450";"15";"4.5";"0.5";"400";"0";"g";"100";"30"
"Ryby. plody moře - 100 g";"null";"null";"null";"null";"null";"null";"g";"null";"0"
"Filé z tresky";"300";"16.2";"0.6";"0.1";"50";"0";"g";"100";"31"
"Kapr";"530";"17.5";"6.1";"0.1";"70";"0";"g";"100";"31"
"Kaviár";"1010";"26.1";"15.5";"0";"490";"0";"g";"100";"31"
"Krab";"400";"18.5";"1.5";"1.5";"null";"0";"g";"100";"31"
"Krevety";"310";"16.5";"0.8";"0.1";"50";"0";"g";"100";"31"
"Makrela";"700";"18.2";"10.5";"0.1";"50";"0";"g";"100";"31"
"Pstruh";"500";"19.7";"4.6";"0.1";"55";"0";"g";"100";"31"
"Sleď";"770";"17.7";"12.5";"0.1";"85";"0";"g";"100";"31"
"Slávky";"220";"9.8";"1.3";"0";"110";"0";"g";"100";"31"
"Tuňák";"660";"22.1";"7.8";"0.1";"42";"0";"g";"100";"31"
"Rybí výrobky - 100 g";"null";"null";"null";"null";"null";"null";"g";"null";"0"
"Losos ve vlastní šťávě";"650";"23";"7";"0";"60";"0";"g";"100";"32"
"Makrela uzená";"1060";"23.3";"17.7";"0.1";"70";"0";"g";"100";"32"
"Sardinky v oleji";"1050";"21.5";"17.8";"1.2";"140";"0";"g";"100";"32"
"Sardinky v tomatě";"530";"12.9";"6.3";"4.4";"null";"0";"g";"100";"32"
"Tresčí játra v oleji";"2560";"4.3";"65.5";"1.3";"null";"0";"g";"100";"32"
"Tuňák v oleji";"830";"21";"12";"0.1";"42";"0";"g";"100";"32"
"Tuňák ve vlastní šťávě";"460";"21";"1";"0";"42";"0";"g";"100";"32"
"Zavináč";"760";"11.7";"12.3";"5.7";"null";"null";"g";"100";"32"
"Uzeniny - 100 g";"null";"null";"null";"null";"null";"null";"g";"null";"0"
"Anglická slanina";"1790";"11";"42";"0.1";"60";"0";"g";"100";"34"
"Debrecínka";"1130";"20.7";"20.8";"0.1";"140";"0";"g";"100";"34"
"Kuřecí prsní šunka (Xaverov)";"410";"14";"4";"1.5";"null";"0";"g";"100";"34"
"Moravské uzené";"1200";"24";"17";"0";"null";"0";"g";"100";"34"
"Šunka v plechu";"800";"20";"10.7";"0";"null";"0";"g";"100";"34"
"Šunka dušená strojová";"670";"17.6";"9";"1.4";"68";"0";"g";"100";"34"
"Šunka krůtí";"420";"18";"2";"0";"53";"0";"g";"100";"34"
"Šunka - průměr";"900";"21.4";"12.8";"0";"55";"0";"g";"100";"34"
"Uzená krůtí prsa";"470";"20";"5";"1";"null";"0";"g";"100";"34"
"Párky - 100 g";"null";"null";"null";"null";"null";"null";"g";"null";"0"
"Fit párky (Procházka)";"1390";"1390";"15";"1.7";"null";"0";"g";"100";"35"
"Párky drůbeží";"1220";"16";"25";"1";"80";"0";"g";"100";"35"
"Párky - průměr";"1210";"14";"25";"1";"85";"0";"g";"100";"35"
"Špekáčky";"1360";"11";"30.3";"2";"75";"0";"g";"100";"35"
"Salámy - 100 g";"null";"null";"null";"null";"null";"null";"g";"null";"0"
"Gothajský";"1820";"12.2";"42.7";"0.1";"85";"0";"g";"100";"36"
"Kabanos";"1230";"12.8";"26.3";"1.8";"79";"0";"g";"100";"36"
"Lovecký";"1090";"28.9";"37.2";"0.2";"85";"0";"g";"100";"36"
"Métský";"1480";"15.1";"28.3";"0";"76";"0";"g";"100";"36"
"Mortadela";"1420";"12.4";"32.8";"0";"92";"0";"g";"100";"36"
"Paprikový";"1690";"17.6";"36.8";"0.2";"85";"0";"g";"100";"36"
"Paprikový mini (Integral)";"1740";"15";"40";"1";"85";"0";"g";"100";"36"
"Poličan";"1840";"26.9";"47";"0.2";"80";"0";"g";"100";"36"
"Šunkový";"800";"16.8";"13.6";"0.1";"70";"0";"g";"100";"36"
"Točený drůbeží";"1200";"14";"25";"1";"75";"0";"g";"100";"36"
"Točený ";"1030";"14.6";"20";"2.2";"80";"0";"g";"100";"36"
"Turistický";"1700";"19";"37";"0";"85";"0";"g";"100";"36"
"Uherský";"2060";"25";"43";"0";"85";"0";"g";"100";"36"
"Vysočina";"1930";"19.3";"42.6";"0";"85";"0";"g";"100";"36"
"Paštiky a konzervy - 100 g";"null";"null";"null";"null";"null";"null";"g";"null";"0"
"Ďábelské tousty";"1060";"10.5";"21.9";"3.4";"null";"0";"g";"100";"37"
"Krůtí paštika (Veselá pastýřka)";"1600";"12";"35";"9";"null";"0";"g";"100";"37"
"Luncheonmeat";"1290";"12.8";"26";"4.8";"null";"0";"g";"100";"37"
"Luncheonmeat drůbeží";"560";"8.9";"8.5";"5.1";"null";"0";"g";"100";"37"
"Pasta z uzeného masa (Hamé)";"1410";"11";"32";"2";"null";"0";"g";"100";"37"
"Paštika játrová";"1800";"12";"41";"1.5";"169";"0";"g";"100";"37"
"Paštika Majka (Hamé)";"860";"6.5";"19.6";"0.4";"null";"0";"g";"100";"37"
"Vepřové maso ve vl. šťávě";"1300";"14.1";"28.1";"0.1";"85";"0";"g";"100";"37"
"Zabijačkové výrobky - 100 g";"null";"null";"null";"null";"null";"null";"g";"null";"0"
"Jelítka";"1240";"16.2";"19.7";"13.3";"97";"0";"g";"100";"38"
"Jitrnice";"1160";"14.6";"18.5";"12.8";"105";"0";"g";"100";"38"
"Tlačenka světlá";"1260";"13.7";"27.1";"0.7";"90";"0";"g";"100";"38"
"Tlačenka tmavá";"1330";"15.1";"28.5";"0.1";"115";"0";"g";"100";"38"
"Tlačenka drůbeží";"740";"17.9";"11.9";"0.1";"null";"0";"g";"100";"38"
"Klobásy. sekaná - 100 g";"null";"null";"null";"null";"null";"null";"g";"null";"0"
"Bavorská sekaná (Intergal)";"1190";"10";"40";"1";"null";"0";"g";"100";"39"
"Bílá klobása";"890";"11.2";"14.3";"9.8";"47";"0";"g";"100";"39"
"Čabajka";"2190";"22.7";"47.9";"0";"110";"0";"g";"100";"39"
"Krůtí trvanlivá klobása (Intergal)";"1600";"15";"35";"2";"null";"0";"g";"100";"39"
"Moravská klobása";"1160";"13.4";"23.8";"2";"null";"0";"g";"100";"39"
"Pečená masová sekaná (Ravy)";"580";"10";"15";"2";"null";"0";"g";"100";"39"
"Sekaná - průměr";"1110";"17.4";"18.8";"6.2";"65";"0";"g";"100";"39"
"Rostlinná masa - 100 g";"null";"null";"null";"null";"null";"null";"g";"null";"0"
"Robi. Tomi";"520";"10";"1";"10";"0";"null";"g";"100";"40"
"Sójové v hodnotách po základní přípravě";"400";"13";"0.5";"7.5";"0";"6";"g";"100";"40"
"Sójové v suchém stavu";"1067";"13";"34.7";"20";"0";"9,2";"g";"100";"40"
"Tofu karbanátky (Sunfood)";"850";"14.2";"10.1";"13.8";"0";"null";"g";"100";"40"
"Pomazánky Sojalife (Racio) - průměr";"750";"2.5";"14.9";"8.5";"0";"null";"g";"100";"40"
"Mlýnsko-pekárenské výrobky";"null";"null";"null";"null";"null";"null";"g";"null";"null"
"Mouka. obilniny - 100 g";"null";"null";"null";"null";"null";"null";"g";"null";"0"
"Amarant";"1550";"18";"8";"57";"0";"6.7";"g";"100";"42"
"Cornflakes";"1500";"7.2";"0.6";"79.7";"0";"4";"g";"100";"42"
"Jáhly";"1530";"10.2";"4.3";"68.2";"0";"null";"g";"100";"42"
"Mouka kukuřičná";"1370";"8.3";"2.8";"66.3";"0";"5.2";"g";"100";"42"
"Mouka pšeničná bílá";"1410";"9.8";"1.1";"70.7";"0";"4";"g";"100";"42"
"Mouka pšeničná celozrnná";"1310";"11.7";"2";"61";"0";"2.1";"g";"100";"42"
"Mouka rýžová";"1470";"6.7";"0.7";"78";"0";"1.4";"g";"100";"42"
"Mouka sójová tučná";"1880";"43.4";"20.3";"23.1";"0";"18";"g";"100";"42"
"Mouka žitná";"1340";"8.3";"1.3";"67.8";"0";"8";"g";"100";"42"
"Pohanka";"1480";"11";"3";"60";"0";"3.7";"g";"100";"42"
"Polenta";"1470";"8.8";"1.2";"75";"0";"5";"g";"100";"42"
"Pšeničná krupice";"1470";"8";"2";"73";"0";"7";"g";"100";"42"
"Pšeničné klíčky";"1310";"26.6";"9.2";"30.6";"0";"17";"g";"100";"42"
"Slazené snídaňové cereálie";"1600";"4.7";"0.5";"88";"0";"1.9";"g";"100";"42"
"Solamyl";"1350";"0.4";"0.1";"80";"0";"0.2";"g";"100";"42"
"Vločky ovesné";"1480";"11.7";"7.1";"59.8";"0";"5.5";"g";"100";"42"
"Vločky pšeničné";"1300";"11.5";"1.8";"61";"0";"10";"g";"100";"42"
"Vločky žitné";"1480";"7.3";"2";"75.2";"0";"10";"g";"100";"42"
"Chléb. pečivo - 100 g";"null";"null";"null";"null";"null";"null";"g";"null";"0"
"Bageta";"1150";"7.9";"0.7";"55.4";"0";"3";"g";"100";"43"
"Bílý rohlík. houska";"1050";"7.8";"1.4";"51.2";"0";"3";"g";"100";"43"
"Celozrnný chléb se slunečnicovými semínky";"1000";"8.8";"3.7";"42.1";"0";"8";"g";"100";"43"
"Graham";"830";"8.4";"1";"39.7";"0";"1.5";"g";"100";"43"
"Kyjevský chléb";"1020";"7.4";"1.1";"51";"0";"5.8";"g";"100";"43"
"Pita chléb";"1000";"7.4";"1.3";"48.5";"0";"2.8";"g";"100";"43"
"Pšeničný chléb bílý";"1000";"7.6";"1.2";"48.8";"0";"3.2";"g";"100";"43"
"Pšeničný chléb celozrnný";"860";"7.1";"0.9";"41.4";"0";"8.1";"g";"100";"43"
"Strouhanka";"1500";"10";"1";"79";"0";"null";"g";"100";"43"
"Toustový chléb bílý";"1090";"6.9";"4.4";"47.7";"0";"3.7";"g";"100";"43"
"Toustový chléb tmavý";"1010";"8.2";"2.8";"45";"0";"7.1";"g";"100";"43"
"Veka";"1190";"8.4";"1";"60";"0";"3";"g";"100";"43"
"Žitný chléb";"930";"6.4";"1";"46.3";"0";"6";"g";"100";"43"
"Křehký chléb. knäckebrot - 100 g";"null";"null";"null";"null";"null";"null";"g";"null";"0"
"Chléb Kavli";"1380";"11";"2";"66";"0";"14";"g";"100";"44"
"Karlovarský suchar dietní";"1540";"10";"2.2";"76";"0";"null";"g";"100";"44"
"Knäckebrot original";"1350";"9";"1.4";"67";"0";"14.6";"g";"100";"44"
"Křehký chléb Active";"1500";"9";"1.5";"70";"0";"5.5";"g";"100";"44"
"Křehký chléb Knuspi";"1380";"8.5";"1.7";"64.5";"0";"6.9";"g";"100";"44"
"Racio chlebíčky";"1600";"9.5";"2";"80";"0";"1.2";"g";"100";"44"
"Sladké pečivo - 100 g";"null";"null";"null";"null";"null";"null";"g";"null";"0"
"Bábovka";"1620";"6";"21.1";"43.5";"166";"0.9";"g";"100";"45"
"Bábovka třená";"1520";"5.5";"16";"49.7";"null";"0.9";"g";"100";"45"
"Buchta - průměr";"1650";"8.5";"15";"58";"null";"null";"g";"100";"45"
"Croissant s čokoládou";"1710";"5.3";"26.4";"38";"80";"1.2";"g";"100";"45"
"Jablečný závin";"850";"2.5";"9";"28";"18";"2.1";"g";"100";"45"
"Kobliha cukrářská";"1790";"6.7";"21.4";"51.8";"150";"1";"g";"100";"45"
"Koláč makový";"1620";"7.6";"15.7";"54.6";"null";"null";"g";"100";"45"
"Koláč tvarohový";"1490";"9.9";"12";"52";"null";"null";"g";"100";"45"
"Loupáky s ořechovou náplní";"1629";"7";"15.8";"56";"null";"null";"g";"100";"45"
"Makovka";"1270";"8.5";"3.2";"60";"null";"null";"g";"100";"45"
"Mazanec máslový. vánočka";"1530";"7.4";"10.3";"60";"null";"null";"g";"100";"45"
"Pečivo čajové linecké";"2300";"7";"32.1";"59.2";"null";"null";"g";"100";"45"
"Piškotová roláda s džemem";"1140";"4.5";"2.3";"57.5";"null";"null";"g";"100";"45"
"Šáteček s náplní tvarohovou";"1680";"6";"13.6";"63.8";"null";"null";"g";"100";"45"
"Štola";"1650";"5.3";"20.4";"47.1";"350";"null";"g";"100";"45"
"Vanilková roláda";"1730";"6";"18";"55";"null";"1.1";"g";"100";"45"
"Vánočka obyč. (Delvita)";"1260";"7.4";"5.2";"56";"null";"null";"g";"100";"45"
"Vánočka tuková";"1460";"7.3";"8.6";"60.9";"null";"null";"g";"100";"45"
"Závin listový s jablky";"1650";"7";"15.8";"56";"18";"2.1";"g";"100";"45"
"Slané pečivo - 100 g";"null";"null";"null";"null";"null";"null";"g";"null";"0"
"Bake Rolls";"1880";"12";"17";"62";"0";"null";"g";"100";"46"
"Crunchips - slané lupínky";"2220";"5.5";"35";"49";"0";"7";"g";"100";"46"
"Grahamové tyčinky";"1550";"12.6";"7.6";"64.4";"0";"null";"g";"100";"46"
"Chipsy - průměr ";"2100";"5.6";"25";"63";"0";"7";"g";"100";"46"
"Koktejlový mix - Party stars";"1850";"10.3";"14.8";"67";"37";"null";"g";"100";"46"
"Křupky";"2190";"17.5";"29.2";"47.9";"0";"null";"g";"100";"46"
"Raciolky snack se sníženým obsahem tuku";"1670";"11.4";"11.6";"61.7";"0";"null";"g";"100";"46"
"Slané pečivo cracker - průměr";"2200";"8.7";"30.6";"56";"37";"null";"g";"100";"46"
"Slané tyčinky - průměr";"1700";"10";"7.4";"73.1";"37";"null";"g";"100";"46"
"Škvarkové placky";"2240";"7.8";"35";"47";"null";"null";"g";"100";"46"
"Vitalinea slané krekry";"1690";"8.5";"9.7";"69.8";"0";"null";"g";"100";"46"
"Zlaté tyčinky sezamové";"1770";"10.7";"10.7";"72";"0";"null";"g";"100";"46"
"Zmrzlina - 1 ks";"null";"null";"null";"null";"null";"null";"g";"null";"null"
"Big Eskymo (Algida)";"1040";"2.9";"16.8";"22.4";"null";"0";"ks";"100";"47"
"Calippo (Algida)";"360";"0";"0";"21.2";"0";"0";"ks";"100";"47"
"Corneto čoko (Algida)";"840";"3.1";"15.1";"34.8";"null";"0";"ks";"100";"47"
"Ledňáček kakaový (Algida)";"370";"0.7";"6.1";"8.5";"null";"0";"ks";"50";"47"
"Magnum triple (Algida)";"1030";"4";"18.3";"31";"null";"0";"ks";"120";"47"
"Nanukový dort Terno kakaový (Nanuk) - 615 ml";"2830";"12.4";"41";"51";"null";"0";"ks";"400";"47"
"Nogger karamel (Algida)";"860";"1.4";"14.5";"17.2";"null";"0";"ks";"100";"47"
"Ovocná zmrz.- prům. - 100 g";"590";"1.5";"1.8";"29";"4";"0";"g";"100";"47"
"Pierot vaječný likér (Nanuk)";"620";"2.8";"8.2";"10.4";"null";"0";"ks";"50";"47"
"Polárk. sníh (Prima) - 350 ml";"2380";"14";"26";"70";"null";"0";"ks";"200";"47"
"Smetanová zmrzlina - průměr - 100 g";"1050";"1.6";"21.5";"13.6";"76";"0";"g";"100";"47"
"Tricky (Algida)";"220";"0";"0.1";"21.7";"0";"0";"ks";"100";"47"
"Tvaroháček (Algida)";"480";"1.1";"6.4";"13.4";"null";"0";"ks";"80";"47"
"Tvarohová tyčinka (Algida)";"450";"2.1";"6.7";"9.6";"null";"0";"ks";"50";"47"
"Twister (Algida)";"300";"0.4";"1.1";"14.9";"null";"0";"ks";"80";"47"
"Tuky";"null";"null";"null";"null";"null";"null";"g";"null";"null"
"Tuky živočišné - 100 g";"null";"null";"null";"null";"null";"null";"g";"null";"0"
"Máslo";"3010";"1";"80.5";"0.6";"240";"0";"g";"100";"49"
"Máslo se smetan. zákysem";"2780";"1";"75";"1";"210";"0";"g";"100";"49"
"Pomazánkové máslo";"1360";"3.8";"31";"6.2";"93";"0";"g";"100";"49"
"Sádlo vepřové škvařené";"3750";"0.2";"99.5";"0";"94";"0";"g";"100";"49"
"Škvarky";"3090";"15.5";"75";"0";"70";"0";"g";"100";"49"
"Tuky rostlinné - 100 g";"null";"null";"null";"null";"null";"null";"g";"null";"0"
"Alfa";"2620";"0.2";"70";"0.3";"0";"0";"g";"100";"50"
"Ceresoft";"3470";"0";"92";"2";"100";"0";"g";"100";"50"
"Creme Bonjour s okurkou";"1060";"5";"24.3";"4.2";"0";"0";"g";"100";"50"
"Creme Bonjur s paprikou";"1080";"5.1";"25";"4.1";"0";"0";"g";"100";"50"
"Finea garden";"2240";"1";"80";"1";"0";"0";"g";"100";"50"
"Finea light";"2050";"1";"55";"1";"0";"0";"g";"100";"50"
"Flora";"2600";"0.1";"70";"0.3";"0";"0";"g";"100";"50"
"Flora light";"1480";"0.1";"40";"0.3";"0";"0";"g";"100";"50"
"Flora pro activ";"1350";"0.1";"35";"3.2";"0";"0";"g";"100";"50"
"Hera";"2750";"0.1";"74";"0.3";"0";"0";"g";"100";"50"
"Oleje (všechny druhy)";"3700";"0";"100";"0";"0";"0";"g";"100";"50"
"Perla";"1480";"0";"40";"0";"0";"0";"g";"100";"50"
"Perla tip";"930";"0";"25";"0.1";"0";"0";"g";"100";"50"
"Planta - tuk na smažení";"3780";"0";"100";"0";"0";"0";"g";"100";"50"
"Pokrmový tuk na smažení";"3670";"0";"83.3";"0.2";"0";"0";"g";"100";"50"
"Rama";"2600";"0.1";"70";"0.3";"0";"0";"g";"100";"50"
"Rama cullinesse";"2750";"0";"74";"0";"0";"0";"g";"100";"50"
"Rama Harmonie";"1820";"0.5";"48";"0.9";"0";"0";"g";"100";"50"
"Švédské máslo Bremedium";"2250";"0.5";"60";"10";"null";"0";"g";"100";"50"
"Tuky směsné - 100 g";"null";"null";"null";"null";"null";"null";"g";"null";"0"
"Creme Bonjour kostka";"2610";"0.7";"70";"0.9";"null";"0";"g";"100";"51"
"Zlatá Haná";"2850";"0.1";"85";"0.2";"null";"0";"g";"100";"51"
"Majonézy - 100 g";"null";"null";"null";"null";"null";"null";"g";"null";"0"
"Jogo Majo";"1370";"1.1";"30.3";"13.4";"null";"0";"g";"100";"52"
"Majolka";"3300";"1.5";"80";"0";"78";"0";"g";"100";"52"
"Majonéza Boneco";"3090";"0.8";"82.3";"1.3";"82";"0";"g";"100";"52"
"Majonéza Boneco light";"2010";"0.6";"51.9";"5.1";"51";"0";"g";"100";"52"
"Majonéza light (Hellmans)";"1920";"0.7";"50.7";"3";"51";"0";"g";"100";"52"
"Sojanéza (Kalma)";"1160";"2.5";"23";"14";"0";"0";"g";"100";"52"
"Tatarská omáčka";"2140";"0.8";"54.3";"6.9";"null";"0";"g";"100";"52"
"Tatarská omáčka Sojalife (Racia)";"1110";"1.3";"26.7";"4.9";"0";"0";"g";"100";"52"
"Hotová jídla. přílohy. rychlé občerstvení";"null";"null";"null";"null";"null";"null";"g";"null";"null"
"Hotová jídla sladká";"null";"null";"null";"null";"null";"null";"g";"null";"0"
"Krupicová kaše";"740";"5";"8";"19";"null";"null";"g";"100";"54"
"Palačinky s tvarohem - 1 ks";"710";"7";"7.5";"18";"null";"null";"ks";"100";"54"
"Hotová zmrazená jídla - 100 g";"null";"null";"null";"null";"null";"null";"g";"null";"0"
"Bramborové šišky plněné mákem";"940";"5.7";"4.8";"39.9";"null";"null";"g";"100";"55"
"Kynuté knedlíky s borůvkami";"1140";"6.5";"3.2";"51.7";"null";"null";"g";"100";"55"
"Mexická pizza (Guseppe)";"870";"10.4";"3.8";"33.2";"null";"null";"g";"100";"55"
"Plněné papriky v rajské omáčce";"480";"4.2";"5.8";"11.3";"null";"null";"g";"100";"55"
"Smažené kuřecí Gordon Bleu";"790";"11.4";"9";"16.9";"null";"null";"g";"100";"55"
"Šišky plněné uzeným masem a špenátem";"820";"6.1";"2.6";"36.1";"null";"null";"g";"100";"55"
"Tvarohové knedlíky s meruňkovou náplní";"1230";"8.7";"9.3";"39.3";"null";"null";"g";"100";"55"
"Zelenina se žampiony a rýží (Zgoda)";"390";"3";"0.5";"19.6";"null";"null";"g";"100";"55"
"Zeleninové prsty zmrazené (Nowaco)";"480";"3.9";"0.5";"24";"null";"null";"g";"100";"55"
"Jídla v restauracích nebo závodních jídelnách";"null";"null";"null";"null";"null";"null";"g";"null";"0"
"Čočková";"270";"5";"0.3";"10.5";"0";"2.5";"ks";"1";"56"
"Dršťková";"850";"9";"13";"11";"null";"null";"ks";"1";"56"
"Gulášová";"600";"10";"7.5";"8.5";"28";"1.5";"ks";"1";"56"
"Hovězí";"380";"7.5";"6.5";"2";"52";"2.3";"ks";"1";"56"
"Rajská krémová";"250";"1.5";"3.5";"6.5";"10";"1.5";"ks";"1";"56"
"Slepičí s nudlemi";"720";"20";"3";"15";"7";"0.5";"ks";"1";"56"
"Hlavní jídla - 1 porce (bez přílohy)";"null";"null";"null";"null";"null";"null";"g";"null";"0"
"Biftek";"2040";"53";"31";"0";"null";"0";"ks";"1";"57"
"Hovězí guláš";"1230";"34";"13.2";"8.8";"null";"null";"ks";"1";"57"
"Hovězí na žampionech";"1490";"21";"26";"7";"null";"null";"ks";"1";"57"
"Moravský vrabec";"1580";"16";"32";"4";"null";"0";"ks";"1";"57"
"Přírodní roštěná";"1330";"22";"22";"6";"null";"null";"ks";"1";"57"
"Segedínský guláš";"1960";"14";"40";"10";"null";"null";"ks";"1";"57"
"Španělský ptáček";"1940";"24";"35";"10";"null";"0";"ks";"1";"57"
"Vepřové ražniči";"1370";"19";"25";"4";"null";"0";"ks";"1";"57"
"Vepřový řízek přírodní";"1120";"45";"9";"0.1";"70";"0";"ks";"1";"57"
"Vepřový řízek smažený";"1350";"22.5";"17";"21";"60";"0.6";"ks";"1";"57"
"Znojemský guláš";"1510";"16";"27";"11";"null";"null";"ks";"1";"57"
"Přílohy 100 g";"null";"null";"null";"null";"null";"null";"g";"null";"0"
"Bramborová kaše";"300";"1.8";"1.3";"12";"6";"1.4";"g";"100";"58"
"Bramborové hranolky pečené nasucho";"550";"2.3";"4";"21";"0";"null";"g";"100";"58"
"Bramborové hranolky smaž.";"1220";"4.2";"14.5";"32.5";"0";"3.5";"g";"100";"58"
"Bramborové knedlíky";"720";"4.5";"0.5";"37";"null";"null";"g";"100";"58"
"Bramborové krokety smaž.";"1110";"2.4";"18";"23";"56";"1.3";"g";"100";"58"
"Bramborový salát s majon.";"510";"4";"5";"15";"null";"null";"g";"100";"58"
"Brambory vařené";"290";"2";"0.1";"14.8";"0";"2.1";"g";"100";"58"
"Dušená zelenina (200 g zelen.. 10 g Flory light)";"580";"0.4";"5";"20";"0";"null";"g";"100";"58"
"Houskové knedlíky";"1030";"7.1";"1.1";"51";"null";"null";"g";"100";"58"
"Rýže vařená bílá";"520";"2.4";"0.3";"27.6";"0";"0.2";"g";"100";"58"
"Rýže vařená natural";"540";"2.7";"0.8";"27.3";"0";"1.3";"g";"100";"58"
"Špagety bezvaječné vařené";"550";"5";"1.1";"23.9";"0";"1.5";"g";"100";"58"
"Těstoviny vaječné vařené";"600";"4.9";"1.1";"28";"38";"1.4";"g";"100";"58"
"Topinka na tuku";"1800";"5";"20";"47";"null";"1.5";"g";"100";"58"
"Vařené luštěniny";"440";"8.6";"0.6";"16";"0";"null";"g";"100";"58"
"Ostatní jídla - 1 porce";"null";"null";"null";"null";"null";"null";"g";"null";"0"
"Francouzské brambory";"2600";"21";"32";"59";"null";"null";"ks";"1";"59"
"Pizza se sýrem a sal.-300 g";"3450";"28.5";"41.7";"84";"48";"5";"ks";"1";"59"
"Smažený květák";"2500";"14";"34";"56";"null";"null";"ks";"1";"59"
"Tortellini";"1580";"15.6";"9";"57.5";"150";"4.5";"ks";"1";"59"
"Vegetariánská hotová jídla - 100 g";"null";"null";"null";"null";"null";"null";"g";"null";"0"
"Kostky s koprovou omáčkou (Vegilife)";"290";"7.9";"2.2";"4.4";"0";"null";"g";"100";"60"
"Kuličky s rajčatovou omáčkou (Vegilife)";"500";"10.1";"5.3";"7.6";"0";"null";"g";"100";"60"
"Polévky";"null";"null";"null";"null";"null";"null";"g";"null";"null"
"Sáčkové - porce 0.2 l";"null";"null";"null";"null";"null";"null";"ks";"1";"0"
"Francouzská - Maggi";"250";"1.5";"0.9";"11.4";"null";"null";"ks";"1";"61"
"Francouzská - Vitana";"290";"3.5";"1.6";"9.8";"null";"null";"ks";"1";"61"
"Gulášová - Knorr";"310";"2.2";"2.1";"12";"null";"null";"ks";"1";"61"
"Gulášová - Maggi";"200";"0.9";"2.7";"5";"null";"null";"ks";"1";"61"
"Hovězí - Vitana";"370";"2.2";"5.9";"6.6";"null";"null";"ks";"1";"61"
"Nudlová se zelen.- Maggi";"260";"1.9";"0.8";"11.6";"null";"null";"ks";"1";"61"
"Rajská - Knorr";"290";"2";"0.9";"11.3";"null";"null";"ks";"1";"61"
"Rajská - Vitana";"300";"1.7";"1";"13.4";"null";"null";"ks";"1";"61"
"Rajská letní - Maggi";"290";"0.8";"1.6";"13.3";"null";"null";"ks";"1";"61"
"S játr. knedlíčky - Knorr";"300";"3.1";"1.8";"10.5";"null";"null";"ks";"1";"61"
"S mas. knedlíčky - Knorr";"280";"2.6";"2.4";"9.1";"null";"null";"ks";"1";"61"
"S šunk. knedlíčky - Maggi";"350";"2.9";"3.9";"9.2";"null";"null";"ks";"1";"61"
"Slepičí - Vitana";"310";"3.1";"2.2";"10.1";"null";"null";"ks";"1";"61"
"Instatní - porce 0.2 l";"null";"null";"null";"null";"null";"null";"ks";"1";"0"
"Česneková - Maggi";"190";"0.7";"2.3";"5.6";"null";"null";"ks";"200";"62"
"Česneková - Vitana";"280";"0.8";"3.4";"8.5";"null";"null";"ks";"200";"62"
"Francouzská - Maggi";"170";"1";"0.9";"7.6";"null";"null";"ks";"200";"62"
"Francouzská - Vitana";"170";"2.4";"0.2";"7.2";"null";"null";"ks";"200";"62"
"Gulášová - Knorr";"230";"1.5";"1.1";"9.5";"null";"null";"ks";"200";"62"
"Gulášová - Maggi";"200";"0.9";"2.6";"5";"null";"null";"ks";"200";"62"
"Gulášová - Vitana";"290";"1.3";"2.4";"10.6";"null";"null";"ks";"200";"62"
"Hovězí - Maggi";"150";"1";"0.8";"6";"null";"null";"ks";"200";"62"
"Hovězí - Vitana";"310";"2.5";"4";"6.7";"null";"null";"ks";"200";"62"
"Hovězí celestýnská - Knorr";"170";"0.8";"0.9";"7.3";"null";"null";"ks";"200";"62"
"Hrášková - Maggi";"370";"2.6";"4.1";"9.2";"null";"null";"ks";"200";"62"
"Hrášková - Vitana";"430";"4";"2.8";"15.2";"null";"null";"ks";"200";"62"
"Kuřecí - Vitana";"200";"2.3";"1.1";"7.2";"null";"null";"ks";"200";"62"
"Písmenková - Maggi";"190";"0.9";"0.9";"8.9";"null";"null";"ks";"200";"62"
"Rajská - Knorr";"260";"0.8";"2.2";"10.8";"null";"null";"ks";"200";"62"
"Rajská - Maggi";"340";"1.4";"1.4";"13.6";"null";"null";"ks";"200";"62"
"S játr. knedlíčky - Vitana";"190";"2.3";"1.6";"5.7";"null";"null";"ks";"200";"62"
"Slepičí - Knorr";"160";"1";"0.8";"6.8";"null";"null";"ks";"200";"62"
"Slepičí  - Maggi";"140";"0.9";"0.9";"6.1";"null";"null";"ks";"200";"62"
"Sýrová - Vitana";"320";"2.5";"2.7";"10.5";"null";"null";"ks";"200";"62"
"Tomatová s kukuřicí - Vitana";"300";"2.3";"1.8";"11.5";"null";"null";"ks";"200";"62"
"Vývar - Vitana";"400";"1.1";"2.2";"17.8";"null";"null";"ks";"200";"62"
"Žampionová - Knorr";"190";"0.7";"1.5";"8.1";"null";"null";"ks";"200";"62"
"Nudlová inspirace - průměr";"850";"5.1";"10.1";"24.8";"null";"null";"ks";"200";"62"
"Omáčková fantazie - průměr";"1500";"7.5";"17.3";"42";"null";"null";"ks";"200";"62"
"Sušené jídlo v kelímku - 100 g";"null";"null";"null";"null";"null";"null";"g";"null";"0"
"Bramborová kaše se šunkou";"1420";"11.7";"2.5";"66.1";"null";"null";"g";"100";"63"
"Instantní nudlová polévka Lucky - kuřecí";"1960";"9.9";"21.6";"54.7";"null";"null";"g";"100";"63"
"Instantní ovesná kaše Expres";"1500";"7.7";"12.2";"52";"null";"null";"g";"100";"63"
"Kari rýže";"1420";"7";"3.4";"70";"null";"null";"g";"100";"63"
"Rychlé občerstvení - 1 porce";"null";"null";"null";"null";"null";"null";"g";"null";"null"
"McDonald";"null";"null";"null";"null";"null";"null";"g";"null";"0"
"Big Mac";"1910";"24.2";"22.5";"39.1";"null";"null";"ks";"200";"100"
"Fish Mac";"1470";"15.5";"19.6";"28.5";"null";"null";"ks";"135";"100"
"Hamburger";"970";"13.6";"8.4";"24.8";"null";"null";"ks";"100";"100"
"Cheesburger";"1100";"16";"11.5";"24.2";"null";"null";"ks";"110";"100"
"Hranolky malé";"710";"2";"8";"21";"null";"null";"ks";"61";"100"
"Hranolky střední";"1060";"3";"12";"32";"null";"null";"ks";"92";"100"
"Hranolky velké";"1420";"4";"16";"43";"null";"null";"ks";"120";"100"
"Chicken McNuggets 4 ks";"800";"12";"11";"11";"null";"null";"ks";"76";"100"
"Chicken McNuggets 6 ks";"1200";"18";"16";"16";"null";"null";"ks";"114";"100"
"McChicken sendvič";"1690";"17";"19";"39";"null";"null";"ks";"165";"100"
"Jablečná taštička";"920";"2.2";"12";"25.8";"null";"null";"ks";"80";"100"
"Milkshake vanilka - porce 240 ml";"1170";"8.3";"7.4";"44";"null";"null";"ks";"330";"100"
"Zmrzlina kornout";"600";"4.4";"4.1";"21.9";"null";"null";"ks";"85";"100"
"Zahradní salát";"200";"1.73";"0.5";"8.9";"null";"null";"ks";"65";"100"
"Pizza - 100 g";"null";"null";"null";"null";"null";"null";"g";"null";"0"
"Pizza se šunkou";"570";"5";"7";"12";"null";"null";"g";"100";"65"
"Pizza žampionová";"560";"2";"5";"20";"null";"null";"g";"100";"65"
"Ostatní - 1 porce";"null";"null";"null";"null";"null";"null";"g";"null";"0"
"Klobása s houskou - průměr";"2630";"24";"44";"31";"null";"null";"ks";"100";"66"
"Párek v rohlíku - průměr";"990";"10";"9";"25";"null";"null";"ks";"100";"66"
"Smažený hermelín";"2780";"23";"51";"25";"null";"null";"ks";"100";"66"
"Studené pokrmy - 100 g";"null";"null";"null";"null";"null";"null";"g";"null";"null"
"Saláty - 100g";"null";"null";"null";"null";"null";"null";"null";"null";"0"
"Bramborový";"370";"2.5";"2";"15.5";"null";"null";"g";"100";"67"
"Bramborový s majonézou";"880";"1";"17";"12";"null";"null";"g";"100";"67"
"Hanácký";"620";"1";"10";"13";"null";"null";"g";"100";"67"
"Pochoutkový";"1420";"8";"33";"2";"null";"null";"g";"100";"67"
"Čočkový";"680";"6.4";"7.9";"17.2";"null";"null";"g";"100";"67"
"Rybí s majonézou";"1190";"21.3";"22.2";"1";"null";"null";"g";"100";"67"
"Sýrový holandský";"550";"22.5";"7.5";"0.9";"null";"null";"g";"100";"67"
"Vajíčkový";"830";"5.1";"17.6";"5.5";"null";"null";"g";"100";"67"
"Vlašský";"1040";"5.4";"21.7";"8.5";"null";"null";"g";"100";"67"
"Zeleninové saláty - 100 g";"null";"null";"null";"null";"null";"null";"g";"null";"0"
"Mrkvový";"150";"1.1";"1.2";"6.1";"null";"null";"g";"100";"68"
"Okurkový s rajčaty";"130";"1";"1.2";"4.3";"null";"null";"g";"100";"68"
"Z kyselého zelí";"270";"1.3";"2.7";"9.2";"null";"null";"g";"100";"68"
"Chlebíčky - 1 kus";"null";"null";"null";"null";"null";"null";"g";"null";"0"
"S pochoutkovým salátem";"780";"4.6";"12.7";"14.1";"null";"null";"ks";"70";"69"
"S vajíčkovým salátem";"490";"3.4";"5.4";"13.8";"null";"null";"ks";"70";"69"
"S vlašským salátem";"630";"4";"12.8";"6";"null";"null";"ks";"70";"69"
"Humrový";"570";"3.9";"7.7";"13.4";"null";"null";"ks";"70";"69"
"Lososový";"630";"5";"9.1";"12.6";"null";"null";"ks";"70";"69"
"Sardelový s očkem";"980";"3.8";"19.2";"12.1";"null";"null";"ks";"70";"69"
"S ruským vejcem";"910";"6.9";"14.9";"14.3";"null";"null";"ks";"70";"69"
"S tresčími játry";"780";"2.4";"13.6";"13.9";"null";"null";"ks";"70";"69"
"Studená kuchyně - 100 g";"null";"null";"null";"null";"null";"null";"g";"null";"0"
"Ruské vejce";"1360";"8.7";"29";"7.8";"null";"null";"g";"100";"70"
"Šunkový závitek v aspiku";"820";"13.4";"13.5";"4.5";"null";"null";"g";"100";"70"
"Šunka s křenem";"1500";"25.4";"26.3";"1.4";"null";"null";"g";"100";"70"
"Tlačenka s cibulí";"1320";"18.2";"24.2";"8.6";"null";"null";"g";"100";"70"
"Vajíčková tlačenka";"960";"6.2";"22.1";"2.2";"null";"null";"g";"100";"70"
"Uzenáč";"490";"15.8";"5.9";"0.2";"null";"null";"g";"100";"70"
"Pochutiny. přísady. nízkoenergetické bílkovinné diety";"null";"null";"null";"null";"null";"null";"g";"null";"null"
"Pochutiny. přísady";"null";"null";"null";"null";"null";"null";"g";"null";"0"
"Bujon";"1380";"4";"17";"36";"null";"null";"g";"100";"72"
"Dijonnaise (Hellmans)";"2080";"1.4";"51";"9.1";"null";"null";"g";"100";"72"
"Dressing italský (Hellmans)";"2180";"1.7";"53";"9";"null";"null";"g";"100";"72"
"Droždí";"410";"10.6";"0.4";"13";"0";"null";"g";"100";"72"
"Horčice plnotučná";"520";"4.2";"6.1";"13";"0";"null";"g";"100";"72"
"Hotová jíška (Knorr)";"2390";"7";"40";"46";"null";"null";"g";"100";"72"
"Kečup";"430";"1.3";"0.1";"23.8";"0";"null";"g";"100";"72"
"Koření - průměr";"1600";"6";"7";"75";"0";"0";"g";"100";"72"
"Křen jablečný (Horlein)";"350";"1.1";"2.9";"13.1";"0";"null";"g";"100";"72"
"Ocet";"170";"0";"0";"3.5";"0";"0";"g";"100";"72"
"Sójová omáčka";"580";"19.9";"4.5";"4.5";"0";"0";"g";"100";"72"
"Sůl";"0";"0";"0";"0";"0";"0";"g";"100";"72"
"Worcester";"320";"1.4";"0.3";"17";"null";"0";"g";"100";"72"
"Zlatý bujon (Maggi) - 1 kostka";"90";"0.3";"1.2";"3.13";"null";"0";"g";"100";"72"
"Želatina";"1440";"85.6";"0.1";"0";"0";"0";"g";"100";"72"
"Citron Pressé. čístá přírodní citronová šťáva (Maja)";"25";"0";"0";"1.4";"0";"0";"g";"100";"72"
"Nízkoenergetické bílkovinné diety - 1 porce";"null";"null";"null";"null";"null";"null";"g";"null";"0"
"Redita koktejly - průměr";"520";"11.8";"1.2";"16.5";"null";"3";"g";"100";"73"
"Polévky - průměr";"480";"9.3";"1";"16.8";"null";"3";"g";"100";"73"
"Guareta tyčinka - 1 kus";"750";"12";"6";"19";"null";"6";"ks";"42";"73"
"Nápoje";"null";"null";"null";"null";"null";"null";"g";"null";"null"
"Sirupy";"null";"null";"null";"null";"null";"null";"null";"null";"0"
"Sirup ovocný průměr - 100 ml";"1150";"0";"0";"68";"0";"0";"ml";"100";"74"
"Sirup ovocný - 100 ml nápoj";"60";"0";"0";"3.5";"0";"0";"ml";"100";"74"
"Džusy ovocné a zeleninové - 100 ml";"null";"null";"null";"null";"null";"null";"g";"null";"0"
"Ananasová šťáva s vlákninou (Relax)";"180";"0";"0";"10.6";"0";"null";"ml";"100";"75"
"Broskev s vitam. C (Relax)";"120";"0.8";"0";"7";"0";"null";"ml";"100";"75"
"Cappy džus";"200";"0";"0";"11.8";"0";"null";"ml";"100";"75"
"Černý rybíz s jabl. (Relax)";"110";"0";"0";"6.5";"0";"null";"ml";"100";"75"
"Džus z černého rybízu";"240";"0.4";"0";"12.5";"0";"null";"ml";"100";"75"
"Džus z hroznového vína";"290";"0.2";"0";"17";"0";"null";"ml";"100";"75"
"Grapefruitový džus";"200";"0.5";"0";"10.1";"0";"null";"ml";"100";"75"
"Jablečný džus";"200";"0";"0";"11.8";"0";"null";"ml";"100";"75"
"Mrkvový džus";"90";"0.6";"0";"4.8";"0";"null";"ml";"100";"75"
"Multivitamin (100%) Pfanner";"230";"0.3";"0";"11.7";"0";"null";"ml";"100";"75"
"Multivatamin nektar";"200";"0.5";"0";"11";"0";"null";"ml";"100";"75"
"Pomerančový džus";"190";"0.7";"0";"9";"0";"null";"ml";"100";"75"
"Rajčatová šťáva (Relax)";"90";"0.3";"0";"5";"0";"null";"ml";"100";"75"
"Třešňový nápoj (12.5 % ovoce) Toma";"160";"0.1";"0";"9.2";"0";"null";"ml";"100";"75"
"Zeleninová šťáva";"70";"0";"0";"3";"0";"null";"ml";"100";"75"
"Limonády 100 ml";"null";"null";"null";"null";"null";"null";"g";"null";"0"
"Coca-cola";"180";"0";"0";"10.6";"0";"0";"ml";"100";"76"
"Fanta exotická";"220";"0";"0";"13";"0";"0";"ml";"100";"76"
"Fanta pomeranč. citron";"180";"0";"0";"10.6";"0";"0";"ml";"100";"76"
"Kofola";"140";"0";"0";"8.2";"0";"0";"ml";"100";"76"
"Ledový čaj s citronem";"130";"0.1";"0.1";"7";"0";"0";"ml";"100";"76"
"Mirinda průměr";"220";"0";"0";"13";"0";"0";"ml";"100";"76"
"Pepsi-cola";"200";"0";"0";"11.8";"0";"0";"ml";"100";"76"
"Sprite";"180";"0";"0";"10.6";"0";"0";"ml";"100";"76"
"Tonic";"160";"0";"0";"9.4";"0";"0";"ml";"100";"76"
"Minerálky slazené - 100 ml";"null";"null";"null";"null";"null";"null";"g";"null";"0"
"Hanácká kyselka";"60";"0";"0";"3.5";"0";"0";"ml";"100";"77"
"Poděbradka ochuc.. Mattoni s přích.. Dobrá voda ochuc.";"0";"0";"0";"5";"0";"0";"ml";"100";"77"
"Nekalorické nápoje - 100 ml";"null";"null";"null";"null";"null";"null";"g";"null";"0"
"Dobrá voda. Toma svěží. minerálky bez příchutí";"0";"0";"0";"0";"0";"0";"ml";"100";"0"
"Energetické nápoje - 100 ml";"null";"null";"null";"null";"null";"null";"g";"null";"0"
"Erektus";"160";"0";"0";"9.4";"0";"0";"ml";"100";"80"
"Isosprint";"160";"0";"0";"9.4";"0";"0";"ml";"100";"80"
"Red Bull. Semtex forte";"190";"0";"0";"11.2";"0";"0";"ml";"100";"80"
"Instantní suché - 100 g";"null";"null";"null";"null";"null";"null";"g";"null";"0"
"Bikava sušená s cukrem";"1800";"13.7";"12.8";"66";"0";"0";"g";"100";"81"
"Capuccino - průměr";"1860";"9";"14";"70";"0";"0";"g";"100";"81"
"Cereální nápoj Breakfast drink";"1720";"4.3";"12.7";"69.5";"0";"null";"g";"100";"81"
"Čaje granulované slazené";"1500";"0";"0";"88.2";"0";"0";"g";"100";"81"
"Nesquick. Granko";"1510";"4.4";"2";"80";"0";"0";"g";"100";"81"
"Tang - průměr";"1500";"0.1";"0";"75";"0";"0";"g";"100";"81"
"Teplé nápoje - 100 ml";"null";"null";"null";"null";"null";"null";"ml";"null";"0"
"Čaj. káva bez mléka a cukru";"0";"0";"0";"0";"0";"0";"g";"100";"82"
"Bílá káva bez cukru";"110";"3.2";"1.8";"5.7";"0";"0";"ml";"100";"82"
"Bílá káva s 1 kostkou cukru";"160";"3.2";"1.8";"10.2";"0";"0";"ml";"100";"82"
"Kakao bez cukru";"230";"6.9";"4.5";"10.5";"0";"0";"ml";"100";"82"
"Kakao s 1 kostkou cukru";"280";"6.9";"4.5";"15";"0";"0";"ml";"100";"82"
"Nápoje s umělými sladidly - 100 ml";"null";"null";"null";"null";"null";"null";"g";"null";"0"
"Coca-cola light";"0";"0";"0";"0";"0";"0";"ml";"100";"83"
"L-carnitine Drink (ananas. limeta)";"20";"0.3";"0.1";"0.1";"0";"0";"ml";"100";"83"
"Sirupy light bez cukru";"0";"0";"0";"0";"0";"0";"ml";"100";"83"
"Wallmark senza cola. grep. pomeranč. citron";"0";"0";"0";"0";"0";"0";"ml";"100";"83"
"Poděbradka light";"0";"0";"0";"0";"0";"0";"ml";"100";"83"
"Ice tea instatní";"0";"0";"0";"0";"0";"0";"ml";"100";"83"
"Ideal light instatní";"15";"0";"0";"0";"0";"0";"ml";"100";"83"
"Multi Vitamin Catus inst. ";"0";"0";"0";"0";"0";"0";"ml";"100";"83"
"Alkoholické nápoje - 100 ml";"null";"null";"null";"null";"null";"null";"g";"null";"0"
"Pivo světlé 10";"130";"0.5";"0";"3";"0";"0";"ml";"100";"84"
"Pivo světlé 12";"140";"0.5";"0";"3";"0";"0";"ml";"100";"84"
"Pivo světlé 11";"220";"0.5";"0";"10.8";"0";"0";"ml";"100";"84"
"Pivo Dia";"130";"0.3";"0";"1.3";"0";"0";"ml";"100";"84"
"Pivo nealkoholické";"80";"0.4";"0";"5.4";"0";"0";"ml";"100";"84"
"Víno bílé suché";"220";"0.1";"0";"0.5";"0";"0";"ml";"100";"84"
"Víno bílé sladké";"320";"0.1";"0";"6";"0";"0";"ml";"100";"84"
"Víno červené";"0";"0";"0";"2.5";"0";"0";"ml";"100";"84"
"Víno portské";"670";"0";"0";"12";"0";"0";"ml";"100";"84"
"Šumivá vína";"0";"0";"0";"11";"0";"0";"ml";"100";"84"
"Vermut. Cinzano. Martini";"0";"0";"0";"16";"0";"0";"ml";"100";"84"
"Destiláty. lihoviny - 100 ml";"null";"null";"null";"null";"null";"null";"g";"null";"0"
"Whisky. koňak. vodka. rum. gin. fernet";"900";"0";"0";"0";"0";"null";"ml";"100";"88"
"Becherovka. griotka";"1200";"0";"0";"32";"0";"0";"ml";"100";"88"
"Vaječný koňak";"1400";"4.4";"0";"28";"250";"0";"ml";"100";"88"
"Sladkosti";"null";"null";"null";"null";"null";"null";"g";"null";"null"
"Sladidla 100 g";"null";"null";"null";"null";"null";"null";"g";"null";"0"
"Cukr bílý. hnědý";"1610";"0";"0";"95";"0";"0";"g";"100";"90"
"Cukr hrozn.. Glukopur";"1620";"0";"1.4";"97.1";"0";"0";"g";"100";"90"
"Fruktóza";"1680";"0";"0";"99";"0";"0";"g";"100";"90"
"Med";"1360";"0.3";"0";"81.8";"0";"0";"g";"100";"90"
"Aspartam. neotam";"1600";"0";"0";"97";"0";"0";"g";"100";"90"
"Irbis snowflake";"1700";"0";"0";"98.9";"0";"0";"g";"100";"90"
"Sorbit";"1000";"0";"0";"0";"0";"0";"g";"100";"90"
"Čokolády";"null";"null";"null";"null";"null";"null";"g";"null";"0"
"Bílá";"2320";"5.7";"33.6";"54.9";"2";"3";"g";"100";"91"
"Dietní";"2000";"6.4";"30.5";"43";"2";"3";"g";"100";"91"
"Geisha";"2300";"9";"35";"49";"2";"3";"g";"100";"91"
"Hořká - průměr";"2130";"5.6";"29.4";"55.7";"0";"14";"g";"100";"91"
"Jogurtová";"2230";"6.4";"31.7";"55.1";"2";"3";"g";"100";"91"
"Mléčná - průměr";"2300";"11";"37";"52";"2";"3";"g";"100";"91"
"Oříšková";"2310";"7.4";"36.1";"49.7";"2";"3";"g";"100";"91"
"Studentská pečeť ";"2030";"6.8";"28";"55.5";"2";"null";"g";"100";"91"
"Čokoládové tyčinky";"null";"null";"null";"null";"null";"null";"g";"null";"0"
"Deli - průměr";"1700";"3.1";"14.9";"73.5";"null";"null";"g";"100";"92"
"Ledové kaštany";"2390";"5.4";"39.8";"47.6";"null";"null";"g";"100";"92"
"Margot";"1980";"9.3";"24.1";"58.2";"null";"null";"g";"100";"92"
"Milena";"2320";"3.8";"35.5";"55.2";"null";"null";"g";"100";"92"
"Snikers, Mars, Twix";"2000";"4.6";"24.2";"64.3";"null";"null";"g";"100";"92"
"Sušenky";"null";"null";"null";"null";"null";"null";"g";"null";"0"
"BeBe - průměr";"1920";"7.9";"13.3";"75.8";"null";"null";"g";"100";"93"
"BeBe dobré ráno";"1790";"7.2";"17.5";"59.6";"null";"null";"g";"100";"93"
"Delissa - průměr";"2210";"9.9";"29.4";"56";"null";"null";"g";"100";"93"
"Dezert zlaté piškoty";"1810";"4.1";"13.6";"73.3";"null";"null";"g";"100";"93"
"Disco";"1900";"5";"18.8";"64.8";"null";"null";"g";"100";"93"
"Fidorka - průměr";"2060";"4.3";"24.5";"65.9";"null";"null";"g";"100";"93"
"Horalky - průměr";"2180";"7.5";"30.3";"55";"null";"null";"g";"100";"93"
"Kolonáda - trojhránky";"2430";"5.7";"33.8";"63.6";"null";"null";"g";"100";"93"
"Lotus celozrnné";"2000";"5";"19";"71";"null";"null";"g";"100";"93"
"Mini Tatranky";"2280";"7.9";"31.1";"58.2";"null";"null";"g";"100";"93"
"Miňonky - průměr";"2210";"8.5";"28.1";"57.8";"null";"null";"g";"100";"93"
"Polomáčené sušenky";"1930";"6.7";"21";"66.2";"null";"null";"g";"100";"93"
"Sandwich - Orion";"2080";"6.3";"24.5";"62.9";"null";"null";"g";"100";"93"
"Tataranky - průměr";"2180";"7.1";"28.5";"59.1";"null";"null";"g";"100";"93"
"Vitalinea - průměr";"1690";"4.7";"5.8";"82.9";"null";"null";"g";"100";"93"
"Zlaté oplatky";"2270";"6";"27.3";"68.1";"null";"null";"g";"100";"93"
"Müsli tyčinky";"null";"null";"null";"null";"null";"null";"g";"null";"0"
"Bona vita - průměr";"1830";"6";"16";"67";"0";"4";"g";"100";"94"
"Bonavita - meruňka";"1460";"4.9";"9.5";"60.3";"0";"4";"g";"100";"94"
"Fly - linie - oříšková";"1340";"6.3";"9";"57.8";"0";"4";"g";"100";"94"
"Fly - ořech-karamel";"1740";"11.6";"19.6";"47.8";"0";"4";"g";"100";"94"
"Twiggy meruňková";"1460";"4.9";"9.5";"60.3";"0";"4";"g";"100";"94"
"Twiggy s mandlemi";"1830";"9.5";"21.9";"49.2";"0";"4";"g";"100";"94"
"Bonbony";"null";"null";"null";"null";"null";"null";"g";"null";"0"
"Bonpari";"1460";"0";"0";"92.5";"0";"0";"g";"100";"95"
"Bonpari - bez cukru";"970";"0";"0";"57";"0";"0";"g";"100";"95"
"Halls Centers. Vita C Halls";"1580";"0";"0";"93";"0";"0";"g";"100";"95"
"Hašlerky";"1450";"0";"0";"96.4";"0";"0";"g";"100";"95"
"Hašlerky - bez cukru";"1000";"0";"0";"59";"0";"0";"g";"100";"95"
"Lentilky";"1870";"3.6";"14.7";"75.9";"0";"0";"g";"100";"95"
"Žele - Jojo - medvídci. delfínci. žížaly";"1310";"6.7";"0";"70.5";"0";"0";"g";"100";"95"
"Bonboniéry";"null";"null";"null";"null";"null";"null";"g";"null";"0"
"Amarela - višně. likér. čokoláda";"1790";"4.2";"22";"59.6";"null";"null";"g";"100";"96"
"Čokoládové bonbony (Orient dez.. Maryša. Milena)";"2200";"7.4";"33.9";"51.3";"null";"null";"g";"100";"96"
"Fernet stock";"1870";"4.1";"22.1";"62.9";"null";"null";"g";"100";"96"
"Ferrero Roche";"2470";"7";"41";"49";"null";"null";"g";"100";"96"
"Rafaello";"2500";"10.3";"46.3";"36";"null";"null";"g";"100";"96"
"Různé sladkosti";"null";"null";"null";"null";"null";"null";"g";"null";"0"
"Bisquit perníkový Knuspi";"1800";"10.9";"16.9";"62.7";"null";"8";"g";"100";"97"
"Granko";"1600";"4.7";"3.5";"85";"0";"null";"g";"100";"97"
"Hotové linecké těsto";"1590";"5.4";"22";"40.4";"null";"null";"g";"100";"97"
"Hotové listové těsto";"1820";"4.5";"33";"28";"null";"null";"g";"100";"97"
"Kakaový prášek";"1500";"24";"12";"46.6";"0";"null";"g";"100";"97"
"Mandle v čokoládě";"2280";"8.9";"37.8";"43.5";"null";"null";"g";"100";"97"
"Marcipánová hmota";"2210";"8.8";"26.2";"64";"null";"null";"g";"100";"97"
"Nutela";"2230";"6.5";"31";"57";"0";"null";"g";"100";"97"
"Perníčky - Ruměnky";"1520";"5.1";"0.6";"85";"null";"null";"g";"100";"97"
"Perník v čokoládě - průměr";"1550";"5";"10";"70";"null";"null";"g";"100";"97"
"Piškoty";"1470";"9.2";"1.5";"74.2";"223";"null";"g";"100";"97"
"Turecký med";"1580";"0.1";"0";"91.8";"null";"null";"g";"100";"97"
"Žvýkačky bez cukru";"920";"0";"0";"55";"0";"0";"g";"100";"97"
"Žvýkačky s cukrem";"1340";"0";"0";"78";"0";"0";"g";"100";"97"
"Dia sladkosti";"null";"null";"null";"null";"null";"null";"g";"null";"0"
"Hořické trubičky celozrnné";"2240";"12";"37";"40";"null";"null";"g";"100";"98"
"Hořické trubičky dia";"2520";"8.8";"52";"23";"null";"null";"g";"100";"98"
"Kokosové trubičky bez cukru";"2250";"12";"37";"40";"null";"null";"g";"100";"98"
"Lázeňské bez přidan. cukru";"2200";"4.2";"28.6";"62.8";"null";"null";"g";"100";"98"
"Oplatkové trojhr. bez tuku";"1510";"8";"6";"67.5";"null";"null";"g";"100";"98"
"Oplatkové trojhr. štíhlá linie";"1640";"3";"2.5";"90";"null";"null";"g";"100";"98"
"Oplatky Via kakaové ";"1900";"6.5";"21";"65.2";"null";"null";"g";"100";"98"
"Zákusky";"null";"null";"null";"null";"null";"null";"g";"null";"0"
"Ananasový řez s másl. krémem - 80 g";"920";"2";"10";"30";"null";"null";"ks";"80";"99"
"Cukrářská kobliha - 50 g";"750";"3";"8";"23";"null";"null";"ks";"50";"99"
"Dort s krém. polevou - 50 g";"840";"3";"12";"18";"null";"null";"ks";"50";"99"
"Indiánek - 40 g";"700";"2";"11";"14";"null";"null";"ks";"40";"99"
"Karamelový větrník - 80 g";"1050";"3";"14";"26";"null";"null";"ks";"80";"99"
"Kávová rolka s krémem - 50 g";"750";"2";"11";"17";"null";"null";"ks";"50";"99"
"Kokoska plněná - 60 g";"1090";"2";"15";"28";"null";"null";"ks";"60";"99"
"Kokosová roláda s máslovým krémem - 50 g";"750";"2";"9";"21";"null";"null";"ks";"50";"99"
"Koláč cukrářský tvarohový - 40 g";"540";"4";"5";"17";"null";"null";"ks";"40";"99"
"Koňaková špička - 40 g";"670";"1.6";"9";"17";"null";"null";"ks";"40";"99"
"Košíček linecký s ovocem a máslovým krémem - 60 g";"610";"1";"6";"21";"null";"null";"ks";"60";"99"
"Kremrole - 50 g";"630";"2";"9";"16";"null";"null";"ks";"50";"99"
"Laskonka - 40 g";"300";"1";"3";"10";"null";"null";"ks";"40";"99"
"Ořechový dort s vanilkovým krémem - 50 g";"790";"3";"13";"14";"null";"null";"ks";"50";"99"
"Ovocný piškotový řez - 70 g";"580";"1";"1";"30";"null";"null";"ks";"70";"99"
"Ovocný řez máslový - 50 g";"670";"2";"8";"20";"null";"null";"ks";"50";"99"
"Pařížský dort - 40 g";"540";"3";"7";"13";"null";"null";"ks";"40";"99"
"Punčová kostka - 50 g";"740";"0.7";"0.4";"42";"null";"null";"ks";"50";"99"
"Štafetka - 50 g";"770";"3";"10";"20";"null";"null";"ks";"50";"99"
"Žloutkový věneček s krémem - 40 g";"460";"1";"5";"14";"null";"null";"ks";"40";"99"
